alt,dTs,MN,Fn,Fg,TSFC,W,BPR,FAR_core,FAR_ab,OPR,fan_PR,hpc_PR,hpt_PR,lpt_PR,T4,T7,LP_Nmech,HP_Nmech,Wf_core,Wf_ab,A8,mode
0.00,0.00,0.0010,11044.46,11049.46,0.6176,144.1770,0.7528,2.7263e-02,0.0000e+00,26.6508,4.1001,6.5001,2.6407,2.4478,3100.00,1502.43,10000.1150,13999.9635,1.8946,0.0000,187.75,dry
0.00,10.00,0.0010,10539.30,10544.18,0.6180,139.2939,0.7692,2.7200e-02,0.0000e+00,25.5081,3.9643,6.4344,2.6405,2.4375,3100.00,1500.78,9968.5934,14030.1343,1.8093,0.0000,187.75,dry
0.00,20.00,0.0010,10040.69,10045.44,0.6198,134.2741,0.7793,2.7116e-02,0.0000e+00,24.4464,3.8350,6.3746,2.6410,2.4208,3100.00,1501.72,9928.5082,14064.3397,1.7288,0.0000,187.75,dry
0.00,30.00,0.0010,9605.20,9609.84,0.6202,129.8952,0.7906,2.6998e-02,0.0000e+00,23.4973,3.7198,6.3169,2.6419,2.4081,3100.00,1501.13,9904.5105,14101.3193,1.6547,0.0000,187.75,dry
0.00,40.00,0.0010,9202.90,9207.43,0.6201,125.7997,0.8037,2.6901e-02,0.0000e+00,22.5895,3.6141,6.2504,2.6423,2.3945,3100.00,1500.46,9885.6756,14131.5679,1.5851,0.0000,187.75,dry
0.00,50.00,0.0010,8785.67,8790.09,0.6198,121.7646,0.8259,2.6846e-02,0.0000e+00,21.5981,3.4997,6.1715,2.6415,2.3871,3100.00,1497.02,9870.3845,14151.2998,1.5126,0.0000,187.75,dry
0.00,-10.00,0.0010,11429.23,11434.31,0.6190,147.9669,0.7422,2.7385e-02,0.0000e+00,27.5211,4.2025,6.5487,2.6376,2.4592,3100.00,1503.17,10112.0197,13954.8034,1.9650,0.0000,187.75,dry
0.00,-20.00,0.0010,11824.18,11829.35,0.6201,151.9622,0.7341,2.7510e-02,0.0000e+00,28.3996,4.2990,6.6061,2.6345,2.4721,3100.00,1502.77,10227.9714,13912.2999,2.0367,0.0000,187.75,dry
0.00,-30.00,0.0010,12196.39,12201.63,0.6219,155.6488,0.7232,2.7608e-02,0.0000e+00,29.2764,4.3857,6.6754,2.6301,2.4892,3100.00,1503.12,10418.7960,13879.8108,2.1069,0.0000,187.75,dry
2500.00,-20.00,0.0010,11113.91,11118.69,0.6204,141.8800,0.7252,2.7566e-02,0.0000e+00,29.1970,4.3666,6.6865,2.6310,2.4916,3100.00,1501.56,10415.4122,13893.4520,1.9153,0.0000,187.75,dry
2500.00,-10.00,0.0010,10766.26,10770.97,0.6195,138.4110,0.7341,2.7473e-02,0.0000e+00,28.3339,4.2795,6.6209,2.6352,2.4768,3100.00,1502.49,10221.2429,13930.8180,1.8526,0.0000,187.75,dry
2500.00,50.00,0.0010,8345.50,8349.62,0.6206,114.2875,0.8057,2.6904e-02,0.0000e+00,22.4549,3.5929,6.2498,2.6422,2.3940,3100.00,1500.55,9876.4305,14137.0139,1.4386,0.0000,187.75,dry
2500.00,40.00,0.0010,8694.06,8698.27,0.6206,117.8018,0.7945,2.7023e-02,0.0000e+00,23.2932,3.6934,6.3067,2.6416,2.4059,3100.00,1500.99,9887.6773,14097.7209,1.4987,0.0000,187.75,dry
2500.00,30.00,0.0010,9155.37,9159.70,0.6180,122.4668,0.7834,2.7088e-02,0.0000e+00,24.3675,3.8266,6.3680,2.6412,2.4240,3100.00,1499.76,9937.2748,14069.4729,1.5716,0.0000,187.75,dry
2500.00,20.00,0.0010,9582.51,9586.95,0.6182,126.5969,0.7657,2.7166e-02,0.0000e+00,25.4447,3.9563,6.4314,2.6412,2.4320,3100.00,1502.40,9963.3334,14038.3916,1.6456,0.0000,187.75,dry
2500.00,10.00,0.0010,10003.26,10007.81,0.6182,130.8152,0.7555,2.7284e-02,0.0000e+00,26.4477,4.0788,6.4842,2.6403,2.4442,3100.00,1502.70,9985.3414,13996.2611,1.7177,0.0000,187.75,dry
2500.00,0.00,0.0010,10369.96,10374.58,0.6189,134.4611,0.7460,2.7399e-02,0.0000e+00,27.3357,4.1832,6.5347,2.6378,2.4575,3100.00,1502.60,10077.6770,13953.4786,1.7827,0.0000,187.75,dry
5000.00,0.00,0.0010,9779.56,9783.85,0.6195,125.7121,0.7329,2.7459e-02,0.0000e+00,28.2538,4.2782,6.6041,2.6357,2.4698,3100.00,1503.61,10203.1153,13929.8025,1.6829,0.0000,187.75,dry
5000.00,10.00,0.0010,9437.28,9441.50,0.6178,122.4341,0.7469,2.7348e-02,0.0000e+00,27.2948,4.1702,6.5452,2.6386,2.4618,3100.00,1501.42,10086.8405,13968.1543,1.6194,0.0000,187.75,dry
5000.00,20.00,0.0010,9068.22,9072.35,0.6180,118.7857,0.7584,2.7277e-02,0.0000e+00,26.3054,4.0571,6.4838,2.6403,2.4462,3100.00,1501.92,9981.0101,14003.0120,1.5568,0.0000,187.75,dry
5000.00,30.00,0.0010,8656.98,8661.00,0.6191,114.6848,0.7695,2.7187e-02,0.0000e+00,25.2365,3.9311,6.4197,2.6408,2.4303,3100.00,1502.12,9948.5066,14036.0599,1.4887,0.0000,187.75,dry
5000.00,40.00,0.0010,8289.36,8293.29,0.6193,110.9918,0.7801,2.7068e-02,0.0000e+00,24.2748,3.8139,6.3649,2.6416,2.4182,3100.00,1501.70,9926.5844,14076.2795,1.4259,0.0000,187.75,dry
5000.00,50.00,0.0010,7911.15,7914.98,0.6195,107.2165,0.7951,2.6979e-02,0.0000e+00,23.2516,3.6913,6.2990,2.6421,2.4065,3100.00,1500.26,9895.3682,14105.8754,1.3614,0.0000,187.75,dry
5000.00,-10.00,0.0010,10087.55,10091.90,0.6210,128.8341,0.7254,2.7585e-02,0.0000e+00,29.0855,4.3679,6.6590,2.6314,2.4834,3100.00,1503.04,10363.5590,13885.6846,1.7402,0.0000,187.75,dry
0.00,0.00,0.0010,9225.64,9230.19,0.5897,131.2882,0.8082,2.4636e-02,0.0000e+00,22.6947,3.6216,6.2664,2.6470,2.4006,2900.00,1389.40,9546.5915,13627.7448,1.5112,0.0000,187.75,dry
0.00,10.00,0.0010,8757.11,8761.55,0.5902,126.5420,0.8302,2.4577e-02,0.0000e+00,21.6105,3.4977,6.1785,2.6463,2.3938,2900.00,1386.77,9522.8086,13651.0184,1.4357,0.0000,187.75,dry
0.00,20.00,0.0010,8290.57,8294.86,0.5939,121.4527,0.8351,2.4461e-02,0.0000e+00,20.6838,3.3722,6.1336,2.6474,2.3764,2900.00,1389.88,9489.3991,13700.2589,1.3678,0.0000,187.75,dry
0.00,30.00,0.0010,7865.43,7869.60,0.5957,116.8706,0.8462,2.4335e-02,0.0000e+00,19.7805,3.2641,6.0600,2.6483,2.3646,2900.00,1390.02,9466.7715,13737.7410,1.3015,0.0000,187.75,dry
0.00,40.00,0.0010,7494.54,7498.61,0.5966,112.8339,0.8628,2.4268e-02,0.0000e+00,18.9259,3.1721,5.9664,2.6474,2.3500,2900.00,1389.92,9456.5330,13757.0057,1.2419,0.0000,187.75,dry
0.00,50.00,0.0010,7182.99,7186.98,0.5966,109.6347,0.8813,2.4179e-02,0.0000e+00,18.2072,3.0847,5.9025,2.6469,2.3460,2900.00,1388.52,9464.1934,13791.3259,1.1905,0.0000,187.75,dry
0.00,-10.00,0.0010,9666.33,9671.00,0.5896,135.9521,0.7952,2.4742e-02,0.0000e+00,23.6738,3.7364,6.3360,2.6464,2.4145,2900.00,1389.80,9568.3486,13592.7007,1.5830,0.0000,187.75,dry
0.00,-20.00,0.0010,10086.85,10091.63,0.5900,140.3278,0.7826,2.4855e-02,0.0000e+00,24.6112,3.8459,6.3994,2.6459,2.4279,2900.00,1390.37,9575.7674,13554.2088,1.6530,0.0000,187.75,dry
0.00,-30.00,0.0010,10566.97,10571.87,0.5894,145.3717,0.7699,2.4930e-02,0.0000e+00,25.6803,3.9690,6.4701,2.6460,2.4466,2900.00,1389.86,9598.4882,13522.5999,1.7300,0.0000,187.75,dry
0.00,-40.00,0.0010,11109.49,11114.52,0.5893,150.8778,0.7530,2.5007e-02,0.0000e+00,26.9130,4.1184,6.5348,2.6449,2.4572,2900.00,1391.58,9669.4202,13487.9047,1.8184,0.0000,187.75,dry
0.00,-50.00,0.0010,11552.45,11557.58,0.5904,155.4883,0.7422,2.5128e-02,0.0000e+00,27.9108,4.2391,6.5841,2.6409,2.4709,2900.00,1392.00,9811.2678,13440.7325,1.8947,0.0000,187.75,dry
2500.00,-50.00,0.0010,10920.84,10925.60,0.5904,145.8643,0.7339,2.5198e-02,0.0000e+00,28.8205,4.3259,6.6623,2.6372,2.4925,2900.00,1390.53,9987.1671,13416.8563,1.7910,0.0000,187.75,dry
2500.00,-40.00,0.0010,10486.87,10491.53,0.5905,141.3010,0.7432,2.5120e-02,0.0000e+00,27.7668,4.2168,6.5849,2.6416,2.4717,2900.00,1392.18,9779.5812,13449.3397,1.7203,0.0000,187.75,dry
2500.00,-30.00,0.0010,10075.77,10080.35,0.5895,137.0494,0.7562,2.5024e-02,0.0000e+00,26.7295,4.1000,6.5195,2.6450,2.4538,2900.00,1391.56,9633.4497,13484.9731,1.6498,0.0000,187.75,dry
2500.00,-20.00,0.0010,9603.04,9607.50,0.5896,132.0569,0.7669,2.4906e-02,0.0000e+00,25.5975,3.9604,6.4634,2.6465,2.4400,2900.00,1391.45,9592.2362,13528.4161,1.5727,0.0000,187.75,dry
2500.00,-10.00,0.0010,9204.10,9208.46,0.5881,128.0474,0.7860,2.4821e-02,0.0000e+00,24.5528,3.8398,6.3943,2.6463,2.4313,2900.00,1388.67,9587.5309,13560.9116,1.5035,0.0000,187.75,dry
2500.00,50.00,0.0010,6808.53,6812.23,0.5970,102.6457,0.8612,2.4233e-02,0.0000e+00,18.8756,3.1540,5.9846,2.6481,2.3507,2900.00,1390.45,9454.3722,13775.9128,1.1291,0.0000,187.75,dry
2500.00,40.00,0.0010,7120.11,7123.89,0.5964,105.9948,0.8489,2.4355e-02,0.0000e+00,19.6233,3.2451,6.0471,2.6478,2.3628,2900.00,1390.49,9455.7700,13733.7706,1.1796,0.0000,187.75,dry
2500.00,30.00,0.0010,7534.37,7538.29,0.5923,110.5169,0.8424,2.4461e-02,0.0000e+00,20.5345,3.3661,6.1005,2.6469,2.3787,2900.00,1387.70,9490.9678,13691.9709,1.2397,0.0000,187.75,dry
2500.00,20.00,0.0010,7953.17,7957.20,0.5912,114.8713,0.8220,2.4521e-02,0.0000e+00,21.5850,3.4865,6.1910,2.6476,2.3875,2900.00,1389.53,9516.0298,13669.8667,1.3062,0.0000,187.75,dry
2500.00,10.00,0.0010,8359.03,8363.17,0.5903,119.2044,0.8108,2.4642e-02,0.0000e+00,22.5400,3.5985,6.2638,2.6468,2.3999,2900.00,1389.45,9536.0847,13632.3934,1.3706,0.0000,187.75,dry
2500.00,0.00,0.0010,8749.53,8753.77,0.5897,123.3130,0.8000,2.4763e-02,0.0000e+00,23.4594,3.7109,6.3217,2.6460,2.4122,2900.00,1389.31,9553.6662,13586.8733,1.4333,0.0000,187.75,dry
5000.00,0.00,0.0010,8331.97,8335.93,0.5893,116.0435,0.7836,2.4811e-02,0.0000e+00,24.4460,3.8268,6.3882,2.6464,2.4250,2900.00,1390.41,9577.8801,13565.8347,1.3638,0.0000,187.75,dry
5000.00,10.00,0.0010,7964.75,7968.62,0.5888,112.2384,0.7988,2.4712e-02,0.0000e+00,23.4423,3.7095,6.3195,2.6467,2.4126,2900.00,1389.15,9562.4330,13599.9416,1.3028,0.0000,187.75,dry
5000.00,20.00,0.0010,7571.90,7575.66,0.5895,108.2338,0.8184,2.4656e-02,0.0000e+00,22.3609,3.5854,6.2366,2.6462,2.4014,2900.00,1387.50,9533.4409,13623.3523,1.2399,0.0000,187.75,dry
5000.00,30.00,0.0010,7184.14,7187.79,0.5924,104.0447,0.8243,2.4535e-02,0.0000e+00,21.4228,3.4611,6.1895,2.6472,2.3865,2900.00,1389.91,9504.5277,13674.8906,1.1822,0.0000,187.75,dry
5000.00,40.00,0.0010,6824.96,6828.52,0.5938,100.1944,0.8358,2.4411e-02,0.0000e+00,20.4989,3.3520,6.1155,2.6481,2.3743,2900.00,1389.91,9484.6014,13711.3243,1.1257,0.0000,187.75,dry
5000.00,50.00,0.0010,6457.22,6460.66,0.5954,96.2802,0.8547,2.4349e-02,0.0000e+00,19.4960,3.2378,6.0215,2.6475,2.3624,2900.00,1388.87,9456.5106,13730.2911,1.0679,0.0000,187.75,dry
5000.00,-10.00,0.0010,8679.79,8683.83,0.5901,119.6788,0.7712,2.4923e-02,0.0000e+00,25.3910,3.9362,6.4506,2.6460,2.4385,2900.00,1390.97,9580.7509,13526.5145,1.4228,0.0000,187.75,dry
5000.00,-20.00,0.0010,9142.41,9146.57,0.5890,124.5363,0.7586,2.5003e-02,0.0000e+00,26.6123,4.0793,6.5238,2.6455,2.4575,2900.00,1390.66,9624.5752,13495.5433,1.4959,0.0000,187.75,dry
5000.00,-30.00,0.0010,9534.95,9539.21,0.5894,128.5735,0.7453,2.5082e-02,0.0000e+00,27.6867,4.2048,6.5846,2.6423,2.4723,2900.00,1390.85,9782.8567,13457.2956,1.5611,0.0000,187.75,dry
5000.00,-40.00,0.0010,9917.21,9921.54,0.5909,132.4352,0.7324,2.5203e-02,0.0000e+00,28.7345,4.3288,6.6379,2.6379,2.4831,2900.00,1392.40,9937.5317,13412.7272,1.6278,0.0000,187.75,dry
5000.00,-50.00,0.0010,10234.52,10238.91,0.5924,135.7888,0.7254,2.5331e-02,0.0000e+00,29.5851,4.4202,6.6932,2.6312,2.4991,2900.00,1391.36,10185.3683,13365.6496,1.6843,0.0000,187.75,dry
0.00,0.00,0.0010,7435.29,7439.36,0.5664,117.1800,0.8695,2.2091e-02,0.0000e+00,18.8577,3.1626,5.9627,2.6521,2.3544,2700.00,1281.40,9111.3870,13245.4566,1.1699,0.0000,187.75,dry
0.00,10.00,0.0010,7079.91,7083.87,0.5679,113.2050,0.8836,2.1994e-02,0.0000e+00,18.0799,3.0618,5.9049,2.6520,2.3457,2700.00,1282.03,9108.1832,13287.5009,1.1168,0.0000,187.75,dry
0.00,20.00,0.0010,6730.93,6734.79,0.5697,109.2213,0.8953,2.1876e-02,0.0000e+00,17.3336,2.9595,5.8569,2.6526,2.3287,2700.00,1282.99,9098.1792,13337.9754,1.0651,0.0000,187.75,dry
0.00,30.00,0.0010,6359.37,6363.11,0.5723,105.0104,0.9118,2.1786e-02,0.0000e+00,16.5196,2.8552,5.7859,2.6524,2.3143,2700.00,1283.20,9076.7813,13376.4795,1.0110,0.0000,187.75,dry
0.00,40.00,0.0010,6036.98,6040.63,0.5743,101.3419,0.9295,2.1704e-02,0.0000e+00,15.7955,2.7688,5.7047,2.6519,2.3021,2700.00,1283.44,9069.5645,13404.0918,0.9631,0.0000,187.75,dry
0.00,50.00,0.0010,5747.78,5751.35,0.5765,98.1112,0.9443,2.1589e-02,0.0000e+00,15.1737,2.6867,5.6477,2.6522,2.2948,2700.00,1283.80,9071.2638,13445.7048,0.9204,0.0000,187.75,dry
0.00,-10.00,0.0010,7821.50,7825.68,0.5659,121.4879,0.8497,2.2157e-02,0.0000e+00,19.7609,3.2619,6.0581,2.6532,2.3676,2700.00,1282.09,9117.2180,13221.5718,1.2295,0.0000,187.75,dry
0.00,-20.00,0.0010,8222.83,8227.11,0.5652,125.9857,0.8367,2.2276e-02,0.0000e+00,20.6400,3.3607,6.1416,2.6527,2.3808,2700.00,1282.05,9122.3570,13185.8906,1.2909,0.0000,187.75,dry
0.00,-30.00,0.0010,8648.64,8653.04,0.5633,130.7679,0.8282,2.2395e-02,0.0000e+00,21.5263,3.4739,6.1965,2.6521,2.3968,2700.00,1280.34,9131.5883,13135.6495,1.3534,0.0000,187.75,dry
0.00,-40.00,0.0010,9223.72,9228.29,0.5609,136.9271,0.8071,2.2447e-02,0.0000e+00,22.8046,3.6245,6.2919,2.6524,2.4080,2700.00,1281.67,9178.2929,13114.3628,1.4370,0.0000,187.75,dry
0.00,-50.00,0.0010,9735.38,9740.08,0.5603,142.6595,0.7948,2.2563e-02,0.0000e+00,23.9245,3.7552,6.3710,2.6513,2.4219,2700.00,1281.59,9213.7921,13076.9105,1.5152,0.0000,187.75,dry
2500.00,-50.00,0.0010,9342.35,9346.77,0.5587,135.1765,0.7820,2.2624e-02,0.0000e+00,25.0124,3.8834,6.4408,2.6512,2.4385,2700.00,1281.01,9251.1605,13048.8266,1.4499,0.0000,187.75,dry
2500.00,-40.00,0.0010,8820.11,8824.39,0.5599,129.5136,0.8007,2.2573e-02,0.0000e+00,23.7146,3.7322,6.3540,2.6509,2.4216,2700.00,1280.45,9204.3802,13073.0204,1.3717,0.0000,187.75,dry
2500.00,-30.00,0.0010,8348.24,8352.39,0.5615,124.2145,0.8098,2.2457e-02,0.0000e+00,22.6270,3.5990,6.2869,2.6521,2.4066,2700.00,1281.84,9165.7763,13118.1714,1.3022,0.0000,187.75,dry
2500.00,-20.00,0.0010,7867.77,7871.78,0.5634,118.8682,0.8221,2.2341e-02,0.0000e+00,21.5040,3.4659,6.2044,2.6533,2.3921,2700.00,1282.00,9130.7743,13153.4599,1.2314,0.0000,187.75,dry
2500.00,-10.00,0.0010,7473.32,7477.23,0.5633,114.6885,0.8465,2.2282e-02,0.0000e+00,20.4732,3.3541,6.1040,2.6521,2.3844,2700.00,1279.37,9125.9345,13174.5517,1.1693,0.0000,187.75,dry
2500.00,50.00,0.0010,5478.63,5481.95,0.5745,92.1474,0.9301,2.1676e-02,0.0000e+00,15.7270,2.7510,5.7169,2.6525,2.2989,2700.00,1283.34,9067.1409,13417.7425,0.8743,0.0000,187.75,dry
2500.00,40.00,0.0010,5768.08,5771.49,0.5729,95.4012,0.9114,2.1768e-02,0.0000e+00,16.4431,2.8447,5.7803,2.6528,2.3148,2700.00,1283.77,9073.1257,13379.3699,0.9179,0.0000,187.75,dry
2500.00,30.00,0.0010,6112.28,6115.80,0.5685,99.3162,0.9025,2.1886e-02,0.0000e+00,17.2003,2.9510,5.8287,2.6519,2.3332,2700.00,1281.66,9097.4395,13331.8976,0.9653,0.0000,187.75,dry
2500.00,20.00,0.0010,6430.38,6433.99,0.5676,102.8412,0.8834,2.1976e-02,0.0000e+00,17.9929,3.0504,5.8986,2.6521,2.3381,2700.00,1282.50,9104.5882,13295.3619,1.0138,0.0000,187.75,dry
2500.00,10.00,0.0010,6750.78,6754.48,0.5670,106.5005,0.8661,2.2052e-02,0.0000e+00,18.8077,3.1429,5.9841,2.6530,2.3534,2700.00,1282.44,9107.2930,13266.3513,1.0633,0.0000,187.75,dry
2500.00,0.00,0.0010,7084.35,7088.15,0.5664,110.2527,0.8530,2.2173e-02,0.0000e+00,19.6097,3.2438,6.0452,2.6527,2.3661,2700.00,1282.32,9109.5211,13218.4789,1.1146,0.0000,187.75,dry
5000.00,0.00,0.0010,6768.93,6772.47,0.5648,103.9277,0.8382,2.2232e-02,0.0000e+00,20.4458,3.3415,6.1188,2.6534,2.3777,2700.00,1281.99,9119.7287,13193.6326,1.0619,0.0000,187.75,dry
5000.00,10.00,0.0010,6426.35,6429.80,0.5652,100.1825,0.8598,2.2170e-02,0.0000e+00,19.4789,3.2375,6.0166,2.6522,2.3667,2700.00,1280.57,9112.3199,13214.0792,1.0090,0.0000,187.75,dry
5000.00,20.00,0.0010,6105.95,6109.31,0.5676,96.5524,0.8698,2.2068e-02,0.0000e+00,18.6703,3.1329,5.9595,2.6524,2.3534,2700.00,1282.49,9102.8810,13257.2666,0.9627,0.0000,187.75,dry
5000.00,30.00,0.0010,5828.17,5831.45,0.5681,93.4244,0.8839,2.1952e-02,0.0000e+00,17.9282,3.0329,5.9112,2.6527,2.3384,2700.00,1282.52,9103.7614,13307.8814,0.9197,0.0000,187.75,dry
5000.00,40.00,0.0010,5526.97,5530.15,0.5697,89.9607,0.8998,2.1863e-02,0.0000e+00,17.1181,2.9342,5.8341,2.6523,2.3243,2700.00,1282.92,9088.6863,13344.2745,0.8747,0.0000,187.75,dry
5000.00,50.00,0.0010,5221.61,5224.71,0.5724,86.5486,0.9179,2.1777e-02,0.0000e+00,16.3113,2.8331,5.7574,2.6522,2.3157,2700.00,1282.71,9069.6827,13375.6971,0.8303,0.0000,187.75,dry
5000.00,-10.00,0.0010,7109.66,7113.30,0.5644,107.7272,0.8248,2.2348e-02,0.0000e+00,21.3511,3.4418,6.2036,2.6530,2.3915,2700.00,1282.12,9122.7129,13159.6529,1.1146,0.0000,187.75,dry
5000.00,-20.00,0.0010,7556.22,7559.99,0.5609,112.7209,0.8172,2.2466e-02,0.0000e+00,22.4369,3.5840,6.2602,2.6517,2.4080,2700.00,1280.06,9162.0434,13110.5830,1.1774,0.0000,187.75,dry
5000.00,-30.00,0.0010,8011.94,8015.83,0.5597,117.6434,0.7969,2.2521e-02,0.0000e+00,23.6830,3.7266,6.3552,2.6520,2.4199,2700.00,1281.28,9205.9074,13086.9884,1.2457,0.0000,187.75,dry
5000.00,-40.00,0.0010,8445.91,8449.92,0.5597,122.4279,0.7830,2.2635e-02,0.0000e+00,24.8404,3.8642,6.4283,2.6508,2.4335,2700.00,1281.92,9238.6779,13048.9528,1.3131,0.0000,187.75,dry
5000.00,-50.00,0.0010,8853.97,8858.08,0.5601,126.9005,0.7702,2.2745e-02,0.0000e+00,25.9379,3.9938,6.4945,2.6500,2.4487,2700.00,1282.15,9254.3261,13008.0441,1.3776,0.0000,187.75,dry
0.00,0.00,0.0010,5901.94,5905.56,0.5429,104.5309,0.9456,1.9607e-02,0.0000e+00,15.5155,2.7292,5.6850,2.6569,2.3107,2500.00,1175.23,8716.3111,12883.6414,0.8900,0.0000,187.75,dry
0.00,10.00,0.0010,5569.28,5572.80,0.5468,100.5424,0.9573,1.9490e-02,0.0000e+00,14.8323,2.6382,5.6222,2.6575,2.2913,2500.00,1177.09,8707.0241,12928.2823,0.8458,0.0000,187.75,dry
0.00,20.00,0.0010,5256.39,5259.82,0.5499,96.7968,0.9769,1.9407e-02,0.0000e+00,14.1376,2.5516,5.5406,2.6565,2.2761,2500.00,1177.71,8700.0049,12965.2328,0.8029,0.0000,187.75,dry
0.00,30.00,0.0010,4958.04,4961.37,0.5543,93.0734,0.9883,1.9303e-02,0.0000e+00,13.5140,2.4713,5.4684,2.6564,2.2657,2500.00,1180.23,8689.9431,13009.4826,0.7634,0.0000,187.75,dry
0.00,-10.00,0.0010,6227.89,6231.62,0.5413,108.4091,0.9280,1.9712e-02,0.0000e+00,16.2401,2.8218,5.7551,2.6569,2.3152,2500.00,1175.01,8718.0127,12842.3949,0.9364,0.0000,187.75,dry
0.00,-20.00,0.0010,6594.40,6598.24,0.5395,112.8515,0.9086,1.9783e-02,0.0000e+00,17.0787,2.9193,5.8503,2.6579,2.3314,2500.00,1174.46,8729.6598,12812.5535,0.9883,0.0000,187.75,dry
0.00,-30.00,0.0010,6923.93,6927.86,0.5396,116.7224,0.8907,1.9896e-02,0.0000e+00,17.8335,3.0182,5.9086,2.6577,2.3468,2500.00,1174.94,8724.5699,12764.2611,1.0377,0.0000,187.75,dry
0.00,-40.00,0.0010,7350.52,7354.58,0.5361,121.8035,0.8808,2.0005e-02,0.0000e+00,18.7099,3.1386,5.9612,2.6570,2.3633,2500.00,1172.69,8744.1421,12715.4020,1.0946,0.0000,187.75,dry
0.00,-50.00,0.0010,7791.94,7796.13,0.5352,126.8677,0.8565,2.0064e-02,0.0000e+00,19.7443,3.2580,6.0602,2.6581,2.3758,2500.00,1174.00,8757.0740,12689.9941,1.1584,0.0000,187.75,dry
2500.00,-50.00,0.0010,7511.27,7515.21,0.5322,120.5041,0.8504,2.0181e-02,0.0000e+00,20.6129,3.3701,6.1165,2.6568,2.3946,2500.00,1171.84,8777.7723,12646.5039,1.1104,0.0000,187.75,dry
2500.00,-40.00,0.0010,7053.44,7057.25,0.5357,115.1035,0.8602,2.0078e-02,0.0000e+00,19.5838,3.2373,6.0494,2.6576,2.3741,2500.00,1174.14,8749.4019,12688.6885,1.0497,0.0000,187.75,dry
2500.00,-30.00,0.0010,6668.73,6672.42,0.5369,110.5876,0.8751,1.9959e-02,0.0000e+00,18.6635,3.1188,5.9842,2.6583,2.3594,2500.00,1174.18,8738.4176,12737.2929,0.9945,0.0000,187.75,dry
2500.00,-20.00,0.0010,6287.13,6290.71,0.5382,106.1056,0.8977,1.9898e-02,0.0000e+00,17.6926,3.0071,5.8835,2.6572,2.3444,2500.00,1173.61,8723.6094,12761.6395,0.9400,0.0000,187.75,dry
2500.00,-10.00,0.0010,5977.47,5980.96,0.5397,102.4457,0.9118,1.9793e-02,0.0000e+00,16.9549,2.9112,5.8241,2.6573,2.3345,2500.00,1174.72,8725.4374,12806.7230,0.8961,0.0000,187.75,dry
2500.00,30.00,0.0010,4772.34,4775.45,0.5505,87.9520,0.9728,1.9376e-02,0.0000e+00,14.0996,2.5464,5.5371,2.6572,2.2795,2500.00,1178.97,8698.3740,12974.0564,0.7298,0.0000,187.75,dry
2500.00,20.00,0.0010,5052.42,5055.62,0.5462,91.3059,0.9621,1.9498e-02,0.0000e+00,14.7189,2.6257,5.6057,2.6568,2.2923,2500.00,1176.83,8702.8762,12929.0444,0.7666,0.0000,187.75,dry
2500.00,10.00,0.0010,5337.13,5340.42,0.5436,94.7362,0.9469,1.9601e-02,0.0000e+00,15.3931,2.7091,5.6820,2.6569,2.3001,2500.00,1175.65,8705.6177,12890.2576,0.8058,0.0000,187.75,dry
2500.00,0.00,0.0010,5656.25,5659.65,0.5415,98.6113,0.9268,1.9676e-02,0.0000e+00,16.1910,2.8085,5.7650,2.6578,2.3162,2500.00,1175.26,8718.4181,12854.7582,0.8508,0.0000,187.75,dry
5000.00,0.00,0.0010,5407.84,5411.00,0.5397,92.8372,0.9143,1.9788e-02,0.0000e+00,16.8355,2.8980,5.8093,2.6571,2.3262,2500.00,1174.72,8719.9782,12809.6684,0.8108,0.0000,187.75,dry
5000.00,10.00,0.0010,5123.03,5126.11,0.5412,89.5022,0.9327,1.9684e-02,0.0000e+00,16.0746,2.7992,5.7425,2.6571,2.3218,2500.00,1174.62,8717.7258,12851.6150,0.7702,0.0000,187.75,dry
5000.00,20.00,0.0010,4840.37,4843.36,0.5441,86.0716,0.9450,1.9568e-02,0.0000e+00,15.3583,2.7033,5.6814,2.6577,2.3013,2500.00,1176.20,8708.0551,12897.4237,0.7316,0.0000,187.75,dry
5000.00,30.00,0.0010,4565.16,4568.07,0.5469,82.7998,0.9661,1.9491e-02,0.0000e+00,14.6149,2.6083,5.6032,2.6568,2.2850,2500.00,1176.39,8698.4422,12933.8985,0.6935,0.0000,187.75,dry
5000.00,40.00,0.0010,4313.97,4316.79,0.5509,79.6656,0.9763,1.9384e-02,0.0000e+00,13.9881,2.5316,5.5254,2.6566,2.2753,2500.00,1179.15,8691.2678,12976.7353,0.6602,0.0000,187.75,dry
5000.00,-10.00,0.0010,5704.22,5707.48,0.5389,96.4033,0.8937,1.9854e-02,0.0000e+00,17.6732,2.9908,5.9093,2.6583,2.3434,2500.00,1174.53,8724.1798,12784.8423,0.8539,0.0000,187.75,dry
5000.00,-20.00,0.0010,6024.73,6028.08,0.5379,100.1808,0.8780,1.9972e-02,0.0000e+00,18.5214,3.1044,5.9662,2.6577,2.3580,2500.00,1174.58,8732.2376,12732.7531,0.9001,0.0000,187.75,dry
5000.00,-30.00,0.0010,6393.72,6397.18,0.5346,104.5556,0.8681,2.0078e-02,0.0000e+00,19.4355,3.2291,6.0188,2.6571,2.3763,2500.00,1172.33,8751.8289,12683.8888,0.9494,0.0000,187.75,dry
5000.00,-40.00,0.0010,6794.11,6797.68,0.5335,109.1018,0.8436,2.0140e-02,0.0000e+00,20.5503,3.3533,6.1284,2.6580,2.3875,2500.00,1173.94,8769.5521,12663.0243,1.0069,0.0000,187.75,dry
5000.00,-50.00,0.0010,7196.77,7200.46,0.5327,113.8635,0.8300,2.0258e-02,0.0000e+00,21.6093,3.4742,6.2200,2.6572,2.4024,2500.00,1173.69,8785.8173,12626.5220,1.0649,0.0000,187.75,dry
